Maria Davis,1,Analytical chemist,Davis-Gilbert,2008-10-18
John Hughes,1,Product designer,Wilson Ltd,1982-07-10
Kelly Newman,2,Lexicographer,Johnson and Sons,1973-03-18
Erik Raymond,2,"Psychologist, clinical",Price PLC,1995-05-28
Kelly Mendez,2,"Editor, magazine features",Kelley Inc,1991-03-04
Tyler Carr,1,Health physicist,Ramos Inc,2020-07-15
Andrew Hale,2,Commercial horticulturist,Shea and Sons,1984-01-22
Brittany Lee,1,"Teacher, secondary school",Santos-Fisher,1996-03-07
Marissa Chaney,2,Clinical molecular geneticist,Summers Group,2016-02-20
Andrew Benson,1,Outdoor activities/education manager,Thomas-Campos,1978-04-16
Megan Jackson,2,"Therapist, sports",Patel Inc,1989-10-21
Jo Francis,2,"Pharmacist, hospital",Johnston and Sons,2015-07-02
Brian Phelps,2,"Psychologist, educational",George-Davidson,1979-04-30
Ronald Williams,1,"Secretary, company",Brewer Group,1975-02-19
Christopher Ferguson,2,Transport planner,"Morales, Clark and Wood",2008-12-18
Timothy Nguyen,2,Television camera operator,Cantu Group,1976-09-20
Michael Smith,2,Mental health nurse,"Rios, Thompson and Smith",2010-11-02
Jonathon Gomez,1,Learning mentor,Bennett-Byrd,2002-08-26
Alyssa Olsen,1,Counselling psychologist,Brown LLC,2002-07-11
Rachel Edwards,2,"Engineer, production","Gonzalez, Lawson and Villa",2000-06-06
Erica Garza,2,"Investment banker, operational","Gould, Cain and Mann",1988-09-23
Jeff Mccoy,2,"Programmer, applications",Mason-Curtis,1992-01-01
Robert Ellison,2,Architect,"Ford, Chen and Chan",2008-03-20
David May,2,Public relations account executive,Gibbs Inc,1990-10-19
John Hall,1,Research scientist (maths),"Martinez, Arnold and Sanders",1995-11-06
Barry Lopez,2,Charity fundraiser,"Gentry, Rodriguez and Smith",2018-04-20
Anthony Burton,1,Exercise physiologist,Thomas LLC,1984-03-13
Sandra Turner,1,Armed forces logistics/support/administrative officer,"Curtis, Rivera and Bruce",2000-05-08
James Drake,2,"Engineer, manufacturing systems",Elliott Ltd,2008-11-29
Matthew Mcmahon,1,"Psychologist, occupational","Rodriguez, James and Chen",1993-08-17
Christian Fuller,2,Insurance broker,"Mcclure, Zuniga and Robinson",1996-12-07
Dr. Laura Rogers,2,Ecologist,"Pineda, Chapman and Johnson",2017-09-05
Christine Rosario,1,"Education officer, museum","Chang, Davis and Henderson",1977-10-02
Jason Rivera,2,"Social research officer, government","Cannon, Roberts and Mendoza",1979-05-29
Paul Davis,1,Administrator,Huynh-Daniels,2012-12-18
Jacob Garrett,1,Human resources officer,"Moon, Brown and Gallagher",1982-08-31
Ebony Jordan,2,Midwife,"Hall, Johnson and Buckley",1984-01-30
Michelle Ross,1,Chief Technology Officer,Holmes-Stewart,1990-07-28
Mrs. Vanessa Mcbride,2,Writer,"Smith, Barnes and Allen",2000-05-27
Vanessa Gonzales,1,"Doctor, general practice",Schultz-Hamilton,2009-07-04
Andrew Flores,1,Technical author,Goodman-Garcia,1970-11-26
Anna Harrison,1,Lawyer,"Moore, Leon and Vargas",2008-04-07
Christopher Smith,1,Ship broker,"Frederick, Pierce and Sutton",1990-07-09
Nancy Hall,1,Television floor manager,Ryan-Lewis,2011-01-11
Joseph Manning,1,Waste management officer,Sanders Inc,2008-04-30
Gilbert Frazier,2,Personal assistant,Olson PLC,1996-02-06
Madison Levy,1,Field trials officer,Walker-Hood,1975-09-25
Adrienne Martin,2,Operations geologist,"Dunlap, Ward and Gibbs",1995-09-03
Troy Hancock,2,Public relations account executive,Riley-Davis,2019-08-01
Mr. Jeffery Newton,2,Diagnostic radiographer,"George, Marshall and Chandler",2001-11-26
