Robert Carson,2,Estate agent,Smith-Ferguson,2020-07-02
Glenda Hall,1,"Psychologist, forensic",Bruce PLC,2014-01-26
Michelle Wagner,2,"Producer, television/film/video",Morris-Stanley,1977-12-16
Jamie Ray,1,Sports development officer,Blanchard Group,1971-11-27
David Schmidt,2,"Engineer, aeronautical",Williams LLC,2008-01-21
Denise Mcneil,2,Human resources officer,"Brock, Garcia and Brown",1988-08-25
Brandon Ryan,2,"Engineer, petroleum",Turner LLC,2008-06-25
Jason Barber,2,Animal technologist,Kelley-White,1990-01-09
Miranda Levy,1,Operational investment banker,"Reyes, Peterson and Little",1974-10-02
Sandra Ramirez,2,Metallurgist,"Lawson, Phillips and Schroeder",1997-11-26
Christina Kennedy,2,Medical sales representative,Atkins Group,1980-12-23
Ashley Howard,1,Early years teacher,Norris Inc,1988-05-21
Patrick Sutton,2,Administrator,Young-Cook,2014-10-08
Kimberly Alexander,1,Arts administrator,Dawson-Owen,1981-09-13
Christina Drake,2,Corporate treasurer,"Golden, Rowland and Carpenter",1996-06-07
